			
insert into HOTEL_MPC.TBL_REGION (ID_Region, Nombre_Region, Descripcion_Region)
	values 
		(01 ,'De Tarapacá ','De Tarapacá'),
		(02 ,'De Antofagasta ','De Antofagasta'),
		(03 ,'De Atacama ','De Atacama'),
		(04 ,'De Coquimbo ','De Coquimbo'),
		(05 ,'De Valparaíso ','De Valparaíso'),
		(06 ,'Del Libertador B. OHiggins ','Del Libertador B. OHiggins'),
		(07 ,'Del Maule ','Del Maule'),
		(08 ,'Del Bíobío ','Del Bíobío'),
		(09 ,'De La Araucanía ','De La Araucanía'),
		(10 ,'De Los Lagos ','De Los Lagos'),
		(11 ,'De Aisén del Gral. C. Ibáñez del Campo ','De Aisén del Gral. C. Ibáñez del Campo'),
		(12 ,'De Magallanes y de La Antártica Chilena ','De Magallanes y de La Antártica Chilena'),
		(13 ,'Metropolitana de Santiago ','Metropolitana de Santiago'),
		(14 ,'De Los Ríos ','De Los Ríos'),
		(15 ,'De Arica y Parinacota ','De Arica y Parinacota'),
		(16 ,'De Ñuble ','De Ñuble'),
		(99 ,'Ignorada ','Ignorada');

insert into HOTEL_MPC.TBL_Provincias (ID_Provincia, ID_Region, Nombre_Provincia,Descripcion_Provincia)
	values
		(11,01,'Iquique  ','Comuna - Iquique  '),
		(14,01,'Tamarugal','Comuna - Tamarugal'),
		(21,02,'Antofagasta','Comuna - Antofagasta'),
		(22,02,'El Loa','Comuna - El Loa'),
		(23,02,'Tocopilla  ','Comuna - Tocopilla  '),
		(31,03,'Copiapó  ','Comuna - Copiapó  '),
		(32,03,'Chañaral  ','Comuna - Chañaral  '),
		(33,03,'Huasco','Comuna - Huasco'),
		(41,04,'Elqui','Comuna - Elqui'),
		(42,04,'Choapa','Comuna - Choapa'),
		(43,04,'Limari','Comuna - Limari'),
		(51,05,'Valparaíso  ','Comuna - Valparaíso  '),
		(52,05,'Isla de Pascua  ','Comuna - Isla de Pascua  '),
		(53,05,'Los Andes  ','Comuna - Los Andes  '),
		(54,05,'Petorca','Comuna - Petorca'),
		(55,05,'Quillota  ','Comuna - Quillota  '),
		(56,05,'San Antonio  ','Comuna - San Antonio  '),
		(57,05,'San Felipe  ','Comuna - San Felipe  '),
		(58,05,'Marga Marga','Comuna - Marga Marga'),
		(61,06,'Cachapoal','Comuna - Cachapoal'),
		(62,06,'Cardenal Caro','Comuna - Cardenal Caro'),
		(63,06,'Colchagua','Comuna - Colchagua'),
		(71,07,'Talca','Comuna - Talca'),
		(72,07,'Cauquenes','Comuna - Cauquenes'),
		(73,07,'Curico','Comuna - Curico'),
		(74,07,'Linares  ','Comuna - Linares  '),
		(81,08,'Concepción  ','Comuna - Concepción  '),
		(82,08,'Arauco','Comuna - Arauco'),
		(83,08,'Bío- Bío','Comuna - Bío- Bío'),
		(91,09,'Cautín','Comuna - Cautín'),
		(92,09,'Malleco','Comuna - Malleco'),
		(101,10,'Llanquihue','Comuna - Llanquihue'),
		(102,10,'Chiloe','Comuna - Chiloe'),
		(103,10,'Osorno  ','Comuna - Osorno  '),
		(104,10,'Palena','Comuna - Palena'),
		(111,11,'Coihaique  ','Comuna - Coihaique  '),
		(112,11,'Aisén  ','Comuna - Aisén  '),
		(113,11,'Capitan Prat','Comuna - Capitan Prat'),
		(114,11,'General Carrera','Comuna - General Carrera'),
		(121,12,'Magallanes','Comuna - Magallanes'),
		(122,12,'Antártica Chilena','Comuna - Antártica Chilena'),
		(123,12,'Tierra del Fuego','Comuna - Tierra del Fuego'),
		(124,12,'Ultima Esperanza','Comuna - Ultima Esperanza'),
		(131,13,'Santiago  ','Comuna - Santiago  '),
		(132,13,'Cordillera','Comuna - Cordillera'),
		(133,13,'Chacabuco','Comuna - Chacabuco'),
		(134,13,'Maipo','Comuna - Maipo'),
		(135,13,'Melipilla','Comuna - Melipilla'),
		(136,13,'Talagante  ','Comuna - Talagante  '),
		(141,14,'Valdivia  ','Comuna - Valdivia  '),
		(142,14,'Ranco','Comuna - Ranco'),
		(151,15,'Arica  ','Comuna - Arica  '),
		(152,15,'Parinacota','Comuna - Parinacota'),
		(161,16,'Diguillín','Comuna - Diguillín'),
		(162,16,'Itata','Comuna - Itata'),
		(163,16,'Punilla','Comuna - Punilla'),
		(999,99,'Ignorada','Comuna - Ignorada');
		

insert into HOTEL_MPC.TBL_COMUNAS (ID_Comuna, ID_Provincia, Nombre_Comuna,Descripcion_Comuna)
	values
(01101,011,'Iquique','Comuna - Iquique'),
(01107,011,'AltoHospicio','Comuna - AltoHospicio'),
(01401,014,'PozoAlmonte','Comuna - PozoAlmonte'),
(01402,014,'Camiña','Comuna - Camiña'),
(01403,014,'Colchane','Comuna - Colchane'),
(01404,014,'Huara','Comuna - Huara'),
(01405,014,'Pica','Comuna - Pica'),
(02101,021,'Antofagasta','Comuna - Antofagasta'),
(02102,021,'Mejillones','Comuna - Mejillones'),
(02103,021,'SierraGorda','Comuna - SierraGorda'),
(02104,021,'Taltal','Comuna - Taltal'),
(02201,022,'Calama','Comuna - Calama'),
(02202,022,'Ollagüe','Comuna - Ollagüe'),
(02203,022,'SanPedrodeAtacama','Comuna - SanPedrodeAtacama'),
(02301,023,'Tocopilla','Comuna - Tocopilla'),
(02302,023,'MaríaElena','Comuna - MaríaElena'),
(03101,031,'Copiapó','Comuna - Copiapó'),
(03102,031,'Caldera','Comuna - Caldera'),
(03103,031,'TierraAmarilla','Comuna - TierraAmarilla'),
(03201,032,'Chañaral','Comuna - Chañaral'),
(03202,032,'DiegodeAlmagro','Comuna - DiegodeAlmagro'),
(03301,033,'Vallenar','Comuna - Vallenar'),
(03302,033,'AltodelCarmen','Comuna - AltodelCarmen'),
(03303,033,'Freirina','Comuna - Freirina'),
(03304,033,'Huasco','Comuna - Huasco'),
(04101,041,'LaSerena','Comuna - LaSerena'),
(04102,041,'Coquimbo','Comuna - Coquimbo'),
(04103,041,'Andacollo','Comuna - Andacollo'),
(04104,041,'LaHiguera','Comuna - LaHiguera'),
(04105,041,'Paiguano','Comuna - Paiguano'),
(04106,041,'Vicuña','Comuna - Vicuña'),
(04201,042,'Illapel','Comuna - Illapel'),
(04202,042,'Canela','Comuna - Canela'),
(04203,042,'LosVilos','Comuna - LosVilos'),
(04204,042,'Salamanca','Comuna - Salamanca'),
(04301,043,'Ovalle','Comuna - Ovalle'),
(04302,043,'Combarbalá','Comuna - Combarbalá'),
(04303,043,'MontePatria','Comuna - MontePatria'),
(04304,043,'Punitaqui','Comuna - Punitaqui'),
(04305,043,'RíoHurtado','Comuna - RíoHurtado'),
(05101,051,'Valparaíso','Comuna - Valparaíso'),
(05102,051,'Casablanca','Comuna - Casablanca'),
(05103,051,'Concón','Comuna - Concón'),
(05104,051,'JuanFernández','Comuna - JuanFernández'),
(05105,051,'Puchuncaví','Comuna - Puchuncaví'),
(05107,051,'Quintero','Comuna - Quintero'),
(05109,051,'ViñadelMar','Comuna - ViñadelMar'),
(05201,052,'Isla  dePascua','Comuna - Isla  dePascua'),
(05301,053,'LosAndes','Comuna - LosAndes'),
(05302,053,'CalleLarga','Comuna - CalleLarga'),
(05303,053,'Rinconada','Comuna - Rinconada'),
(05304,053,'SanEsteban','Comuna - SanEsteban'),
(05401,054,'LaLigua','Comuna - LaLigua'),
(05402,054,'Cabildo','Comuna - Cabildo'),
(05403,054,'Papudo','Comuna - Papudo'),
(05404,054,'Petorca','Comuna - Petorca'),
(05405,054,'Zapallar','Comuna - Zapallar'),
(05501,055,'Quillota','Comuna - Quillota'),
(05502,055,'Calera','Comuna - Calera'),
(05503,055,'Hijuelas','Comuna - Hijuelas'),
(05504,055,'LaCruz','Comuna - LaCruz'),
(05506,055,'Nogales','Comuna - Nogales'),
(05601,056,'SanAntonio','Comuna - SanAntonio'),
(05602,056,'Algarrobo','Comuna - Algarrobo'),
(05603,056,'Cartagena','Comuna - Cartagena'),
(05604,056,'ElQuisco','Comuna - ElQuisco'),
(05605,056,'ElTabo','Comuna - ElTabo'),
(05606,056,'SantoDomingo','Comuna - SantoDomingo'),
(05701,057,'SanFelipe','Comuna - SanFelipe'),
(05702,057,'Catemu','Comuna - Catemu'),
(05703,057,'Llaillay','Comuna - Llaillay'),
(05704,057,'Panquehue','Comuna - Panquehue'),
(05705,057,'Putaendo','Comuna - Putaendo'),
(05706,057,'SantaMaría','Comuna - SantaMaría'),
(05801,058,'Quilpué','Comuna - Quilpué'),
(05802,058,'Limache','Comuna - Limache'),
(05803,058,'Olmué','Comuna - Olmué'),
(05804,058,'VillaAlemana','Comuna - VillaAlemana'),
(06101,061,'Rancagua','Comuna - Rancagua'),
(06102,061,'Codegua','Comuna - Codegua'),
(06103,061,'Coinco','Comuna - Coinco'),
(06104,061,'Coltauco','Comuna - Coltauco'),
(06105,061,'Doñihue','Comuna - Doñihue'),
(06106,061,'Graneros','Comuna - Graneros'),
(06107,061,'LasCabras','Comuna - LasCabras'),
(06108,061,'Machalí','Comuna - Machalí'),
(06109,061,'Malloa','Comuna - Malloa'),
(06110,061,'Mostazal','Comuna - Mostazal'),
(06111,061,'Olivar','Comuna - Olivar'),
(06112,061,'Peumo','Comuna - Peumo'),
(06113,061,'Pichidegua','Comuna - Pichidegua'),
(06114,061,'QuintadeTilcoco','Comuna - QuintadeTilcoco'),
(06115,061,'Rengo','Comuna - Rengo'),
(06116,061,'Requínoa','Comuna - Requínoa'),
(06117,061,'SanVicente','Comuna - SanVicente'),
(06201,062,'Pichilemu','Comuna - Pichilemu'),
(06202,062,'LaEstrella','Comuna - LaEstrella'),
(06203,062,'Litueche','Comuna - Litueche'),
(06204,062,'Marchihue','Comuna - Marchihue'),
(06205,062,'Navidad','Comuna - Navidad'),
(06206,062,'Paredones','Comuna - Paredones'),
(06301,063,'SanFernando','Comuna - SanFernando'),
(06302,063,'Chépica','Comuna - Chépica'),
(06303,063,'Chimbarongo','Comuna - Chimbarongo'),
(06304,063,'Lolol','Comuna - Lolol'),
(06305,063,'Nancagua','Comuna - Nancagua'),
(06306,063,'Palmilla','Comuna - Palmilla'),
(06307,063,'Peralillo','Comuna - Peralillo'),
(06308,063,'Placilla','Comuna - Placilla'),
(06309,063,'Pumanque','Comuna - Pumanque'),
(06310,063,'SantaCruz','Comuna - SantaCruz'),
(07101,071,'Talca','Comuna - Talca'),
(07102,071,'Constitución','Comuna - Constitución'),
(07103,071,'Curepto','Comuna - Curepto'),
(07104,071,'Empedrado','Comuna - Empedrado'),
(07105,071,'Maule','Comuna - Maule'),
(07106,071,'Pelarco','Comuna - Pelarco'),
(07107,071,'Pencahue','Comuna - Pencahue'),
(07108,071,'RíoClaro','Comuna - RíoClaro'),
(07109,071,'SanClemente','Comuna - SanClemente'),
(07110,071,'SanRafael','Comuna - SanRafael'),
(07201,072,'Cauquenes','Comuna - Cauquenes'),
(07202,072,'Chanco','Comuna - Chanco'),
(07203,072,'Pelluhue','Comuna - Pelluhue'),
(07301,073,'Curicó','Comuna - Curicó'),
(07302,073,'Hualañé','Comuna - Hualañé'),
(07303,073,'Licantén','Comuna - Licantén'),
(07304,073,'Molina','Comuna - Molina'),
(07305,073,'Rauco','Comuna - Rauco'),
(07306,073,'Romeral','Comuna - Romeral'),
(07307,073,'SagradaFamilia','Comuna - SagradaFamilia'),
(07308,073,'Teno','Comuna - Teno'),
(07309,073,'Vichuquén','Comuna - Vichuquén'),
(07401,074,'Linares','Comuna - Linares'),
(07402,074,'Colbún','Comuna - Colbún'),
(07403,074,'Longaví','Comuna - Longaví'),
(07404,074,'Parral','Comuna - Parral'),
(07405,074,'Retiro','Comuna - Retiro'),
(07406,074,'SanJavier','Comuna - SanJavier'),
(07407,074,'VillaAlegre','Comuna - VillaAlegre'),
(07408,074,'YerbasBuenas','Comuna - YerbasBuenas'),
(08101,081,'Concepción','Comuna - Concepción'),
(08102,081,'Coronel','Comuna - Coronel'),
(08103,081,'Chiguayante','Comuna - Chiguayante'),
(08104,081,'Florida','Comuna - Florida'),
(08105,081,'Hualqui','Comuna - Hualqui'),
(08106,081,'Lota','Comuna - Lota'),
(08107,081,'Penco','Comuna - Penco'),
(08108,081,'SanPedrodelaPaz','Comuna - SanPedrodelaPaz'),
(08109,081,'SantaJuana','Comuna - SantaJuana'),
(08110,081,'Talcahuano','Comuna - Talcahuano'),
(08111,081,'Tomé','Comuna - Tomé'),
(08112,081,'Hualpén','Comuna - Hualpén'),
(08201,082,'Lebu','Comuna - Lebu'),
(08202,082,'Arauco','Comuna - Arauco'),
(08203,082,'Cañete','Comuna - Cañete'),
(08204,082,'Contulmo','Comuna - Contulmo'),
(08205,082,'Curanilahue','Comuna - Curanilahue'),
(08206,082,'LosÁlamos','Comuna - LosÁlamos'),
(08207,082,'Tirúa','Comuna - Tirúa'),
(08301,083,'LosÁngeles','Comuna - LosÁngeles'),
(08302,083,'Antuco','Comuna - Antuco'),
(08303,083,'Cabrero','Comuna - Cabrero'),
(08304,083,'Laja','Comuna - Laja'),
(08305,083,'Mulchén','Comuna - Mulchén'),
(08306,083,'Nacimiento','Comuna - Nacimiento'),
(08307,083,'Negrete','Comuna - Negrete'),
(08308,083,'Quilaco','Comuna - Quilaco'),
(08309,083,'Quilleco','Comuna - Quilleco'),
(08310,083,'SanRosendo','Comuna - SanRosendo'),
(08311,083,'SantaBárbara','Comuna - SantaBárbara'),
(08312,083,'Tucapel','Comuna - Tucapel'),
(08313,083,'Yumbel','Comuna - Yumbel'),
(08314,083,'AltoBiobío','Comuna - AltoBiobío'),
(09101,091,'Temuco','Comuna - Temuco'),
(09102,091,'Carahue','Comuna - Carahue'),
(09103,091,'Cunco','Comuna - Cunco'),
(09104,091,'Curarrehue','Comuna - Curarrehue'),
(09105,091,'Freire','Comuna - Freire'),
(09106,091,'Galvarino','Comuna - Galvarino'),
(09107,091,'Gorbea','Comuna - Gorbea'),
(09108,091,'Lautaro','Comuna - Lautaro'),
(09109,091,'Loncoche','Comuna - Loncoche'),
(09110,091,'Melipeuco','Comuna - Melipeuco'),
(09111,091,'NuevaImperial','Comuna - NuevaImperial'),
(09112,091,'PadreLasCasas','Comuna - PadreLasCasas'),
(09113,091,'Perquenco','Comuna - Perquenco'),
(09114,091,'Pitrufquén','Comuna - Pitrufquén'),
(09115,091,'Pucón','Comuna - Pucón'),
(09116,091,'Saavedra','Comuna - Saavedra'),
(09117,091,'TeodoroSchmidt','Comuna - TeodoroSchmidt'),
(09118,091,'Toltén','Comuna - Toltén'),
(09119,091,'Vilcún','Comuna - Vilcún'),
(09120,091,'Villarrica','Comuna - Villarrica'),
(09121,091,'Cholchol','Comuna - Cholchol'),
(09201,092,'Angol','Comuna - Angol'),
(09202,092,'Collipulli','Comuna - Collipulli'),
(09203,092,'Curacautín','Comuna - Curacautín'),
(09204,092,'Ercilla','Comuna - Ercilla'),
(09205,092,'Lonquimay','Comuna - Lonquimay'),
(09206,092,'LosSauces','Comuna - LosSauces'),
(09207,092,'Lumaco','Comuna - Lumaco'),
(09208,092,'Purén','Comuna - Purén'),
(09209,092,'Renaico','Comuna - Renaico'),
(09210,092,'Traiguén','Comuna - Traiguén'),
(09211,092,'Victoria','Comuna - Victoria'),
(10101,101,'PuertoMontt','Comuna - PuertoMontt'),
(10102,101,'Calbuco','Comuna - Calbuco'),
(10103,101,'Cochamó','Comuna - Cochamó'),
(10104,101,'Fresia','Comuna - Fresia'),
(10105,101,'Frutillar','Comuna - Frutillar'),
(10106,101,'LosMuermos','Comuna - LosMuermos'),
(10107,101,'Llanquihue','Comuna - Llanquihue'),
(10108,101,'Maullín','Comuna - Maullín'),
(10109,101,'PuertoVaras','Comuna - PuertoVaras'),
(10201,102,'Castro','Comuna - Castro'),
(10202,102,'Ancud','Comuna - Ancud'),
(10203,102,'Chonchi','Comuna - Chonchi'),
(10204,102,'CuracodeVélez','Comuna - CuracodeVélez'),
(10205,102,'Dalcahue','Comuna - Dalcahue'),
(10206,102,'Puqueldón','Comuna - Puqueldón'),
(10207,102,'Queilén','Comuna - Queilén'),
(10208,102,'Quellón','Comuna - Quellón'),
(10209,102,'Quemchi','Comuna - Quemchi'),
(10210,102,'Quinchao','Comuna - Quinchao'),
(10301,103,'Osorno','Comuna - Osorno'),
(10302,103,'PuertoOctay','Comuna - PuertoOctay'),
(10303,103,'Purranque','Comuna - Purranque'),
(10304,103,'Puyehue','Comuna - Puyehue'),
(10305,103,'RíoNegro','Comuna - RíoNegro'),
(10306,103,'SanJuandelaCosta','Comuna - SanJuandelaCosta'),
(10307,103,'SanPablo','Comuna - SanPablo'),
(10401,104,'Chaitén','Comuna - Chaitén'),
(10402,104,'Futaleufú','Comuna - Futaleufú'),
(10403,104,'Hualaihué','Comuna - Hualaihué'),
(10404,104,'Palena','Comuna - Palena'),
(11101,111,'Coihaique','Comuna - Coihaique'),
(11102,111,'LagoVerde','Comuna - LagoVerde'),
(11201,112,'Aisén','Comuna - Aisén'),
(11202,112,'Cisnes','Comuna - Cisnes'),
(11203,112,'Guaitecas','Comuna - Guaitecas'),
(11301,113,'Cochrane','Comuna - Cochrane'),
(11302,113,'OHiggins','Comuna - OHiggins'),
(11303,113,'Tortel','Comuna - Tortel'),
(11401,114,'ChileChico','Comuna - ChileChico'),
(11402,114,'RíoIbáñez','Comuna - RíoIbáñez'),
(12101,121,'PuntaArenas','Comuna - PuntaArenas'),
(12102,121,'LagunaBlanca','Comuna - LagunaBlanca'),
(12103,121,'RíoVerde','Comuna - RíoVerde'),
(12104,121,'SanGregorio','Comuna - SanGregorio'),
(12201,122,'CabodeHornos','Comuna - CabodeHornos'),
(12202,122,'Antártica','Comuna - Antártica'),
(12301,123,'Porvenir','Comuna - Porvenir'),
(12302,123,'Primavera','Comuna - Primavera'),
(12303,123,'Timaukel','Comuna - Timaukel'),
(12401,124,'Natales','Comuna - Natales'),
(12402,124,'TorresdelPaine','Comuna - TorresdelPaine'),
(13101,131,'Santiago','Comuna - Santiago'),
(13102,131,'Cerrillos','Comuna - Cerrillos'),
(13103,131,'CerroNavia','Comuna - CerroNavia'),
(13104,131,'Conchalí','Comuna - Conchalí'),
(13105,131,'ElBosque','Comuna - ElBosque'),
(13106,131,'EstaciónCentral','Comuna - EstaciónCentral'),
(13107,131,'Huechuraba','Comuna - Huechuraba'),
(13108,131,'Independencia','Comuna - Independencia'),
(13109,131,'LaCisterna','Comuna - LaCisterna'),
(13110,131,'LaFlorida','Comuna - LaFlorida'),
(13111,131,'LaGranja','Comuna - LaGranja'),
(13112,131,'LaPintana','Comuna - LaPintana'),
(13113,131,'LaReina','Comuna - LaReina'),
(13114,131,'LasCondes','Comuna - LasCondes'),
(13115,131,'LoBarnechea','Comuna - LoBarnechea'),
(13116,131,'LoEspejo','Comuna - LoEspejo'),
(13117,131,'LoPrado','Comuna - LoPrado'),
(13118,131,'Macul','Comuna - Macul'),
(13119,131,'Maipú','Comuna - Maipú'),
(13120,131,'Ñuñoa','Comuna - Ñuñoa'),
(13121,131,'Pedro AguirreCerda','Comuna - Pedro AguirreCerda'),
(13122,131,'Peñalolén','Comuna - Peñalolén'),
(13123,131,'Providencia','Comuna - Providencia'),
(13124,131,'Pudahuel','Comuna - Pudahuel'),
(13125,131,'Quilicura','Comuna - Quilicura'),
(13126,131,'QuintaNormal','Comuna - QuintaNormal'),
(13127,131,'Recoleta','Comuna - Recoleta'),
(13128,131,'Renca','Comuna - Renca'),
(13129,131,'SanJoaquín','Comuna - SanJoaquín'),
(13130,131,'SanMiguel','Comuna - SanMiguel'),
(13131,131,'SanRamón','Comuna - SanRamón'),
(13132,131,'Vitacura','Comuna - Vitacura'),
(13201,132,'PuenteAlto','Comuna - PuenteAlto'),
(13202,132,'Pirque','Comuna - Pirque'),
(13203,132,'SanJosédeMaipo','Comuna - SanJosédeMaipo'),
(13301,133,'Colina','Comuna - Colina'),
(13302,133,'Lampa','Comuna - Lampa'),
(13303,133,'Tiltil','Comuna - Tiltil'),
(13401,134,'SanBernardo','Comuna - SanBernardo'),
(13402,134,'Buin','Comuna - Buin'),
(13403,134,'CaleradeTango','Comuna - CaleradeTango'),
(13404,134,'Paine','Comuna - Paine'),
(13501,135,'Melipilla','Comuna - Melipilla'),
(13502,135,'Alhué','Comuna - Alhué'),
(13503,135,'Curacaví','Comuna - Curacaví'),
(13504,135,'MaríaPinto','Comuna - MaríaPinto'),
(13505,135,'SanPedro','Comuna - SanPedro'),
(13601,136,'Talagante','Comuna - Talagante'),
(13602,136,'ElMonte','Comuna - ElMonte'),
(13603,136,'IsladeMaipo','Comuna - IsladeMaipo'),
(13604,136,'PadreHurtado','Comuna - PadreHurtado'),
(13605,136,'Peñaflor','Comuna - Peñaflor'),
(14101,141,'Valdivia','Comuna - Valdivia'),
(14102,141,'Corral','Comuna - Corral'),
(14103,141,'Lanco','Comuna - Lanco'),
(14104,141,'LosLagos','Comuna - LosLagos'),
(14105,141,'Máfil','Comuna - Máfil'),
(14106,141,'Mariquina','Comuna - Mariquina'),
(14107,141,'Paillaco','Comuna - Paillaco'),
(14108,141,'Panguipulli','Comuna - Panguipulli'),
(14201,142,'LaUnión','Comuna - LaUnión'),
(14202,142,'Futrono','Comuna - Futrono'),
(14203,142,'LagoRanco','Comuna - LagoRanco'),
(14204,142,'RíoBueno','Comuna - RíoBueno'),
(15101,151,'Arica','Comuna - Arica'),
(15102,151,'Camarones','Comuna - Camarones'),
(15201,152,'Putre','Comuna - Putre'),
(15202,152,'GeneralLagos','Comuna - GeneralLagos'),
(16101,161,'Chillán','Comuna - Chillán'),
(16102,161,'Bulnes','Comuna - Bulnes'),
(16103,161,'ChillánViejo','Comuna - ChillánViejo'),
(16104,161,'ElCarmen','Comuna - ElCarmen'),
(16105,161,'Pemuco','Comuna - Pemuco'),
(16106,161,'Pinto','Comuna - Pinto'),
(16107,161,'Quillón','Comuna - Quillón'),
(16108,161,'SanIgnacio','Comuna - SanIgnacio'),
(16109,161,'Yungay','Comuna - Yungay'),
(16201,162,'Quirihue','Comuna - Quirihue'),
(16202,162,'Cobquecura','Comuna - Cobquecura'),
(16203,162,'Coelemu','Comuna - Coelemu'),
(16204,162,'Ninhue','Comuna - Ninhue'),
(16205,162,'Portezuelo','Comuna - Portezuelo'),
(16206,162,'Ránquil','Comuna - Ránquil'),
(16207,162,'Treguaco','Comuna - Treguaco'),
(16301,163,'SanCarlos','Comuna - SanCarlos'),
(16302,163,'Coihueco','Comuna - Coihueco'),
(16303,163,'Ñiquén','Comuna - Ñiquén'),
(16304,163,'SanFabián','Comuna - SanFabián'),
(16305,163,'SanNicolás','Comuna - SanNicolás'),
(99999,999,'Ignorada','Comuna - Ignorada');



INSERT INTO HOTEL_MPC.TBL_TIPO_CAMA (TIPO_CAMA) VALUES
('Individual'),
('Doble'),
('Queen'),
('King');


INSERT INTO HOTEL_MPC.TBL_ORIENTACION (DESCRIPCION) VALUES
('Vista al mar'),
('Vista a la montaña'),
('Vista a la ciudad'),
('Vista al jardín');

INSERT INTO HOTEL_MPC.TBL_ESTADO_HABITACION (ESTADO_HAB) VALUES
('Ocupada'),
('Vacante'),
('En mantenimiento'),
('Reservada');

INSERT INTO HOTEL_MPC.TBL_ESTADO_RESVERVA (ESTADO_RESV) VALUES
('Confirmada'),
('Pendiente'),
('Cancelada'),
('Completada');

INSERT INTO HOTEL_MPC.TBL_USUARIO (
    NOMBRE,
    APELLIDO,
    EMAIL,
    CONTRASENA,
    ES_ADMINISTRADOR
) VALUES ('jorge','catalan','jorge.catalan@inacapmail.cl','1234',TRUE);

INSERT INTO HOTEL_MPC.TBL_USUARIO (
    NOMBRE,
    APELLIDO,
    EMAIL,
    CONTRASENA,
    ES_ADMINISTRADOR
) VALUES (
    'maria','lopez','maria.lopez@lol.com','abcd',FALSE
);

INSERT INTO HOTEL_MPC.TBL_HABITACION (NUMERO_HABITACION,CAPACIDAD,ID_TIPO_CAMA,ID_ORIENTACION,ID_ESTADO_HAB) VALUES (
    101,  -- NUMERO_HABITACION
    2,    -- CAPACIDAD
    1,    -- ID_TIPO_CAMA
    1,    -- ID_ORIENTACION
    1     -- ID_ESTADO_HAB 
);
INSERT INTO HOTEL_MPC.TBL_HABITACION (NUMERO_HABITACION,CAPACIDAD,ID_TIPO_CAMA,ID_ORIENTACION,ID_ESTADO_HAB) VALUES (
    102,  -- NUMERO_HABITACION
    4,    -- CAPACIDAD
    2,    -- ID_TIPO_CAMA
    2,    -- ID_ORIENTACION
    2     -- ID_ESTADO_HAB 
);


INSERT INTO HOTEL_MPC.TBL_RESERVA (
    FEC_RESERVA,
    FEC_LLEGADA,
    FEC_SALIDA,
    CANT_PASAJEROS,
    MONTO_TOTAL,
    ID_ESTADO_RESERVA,
    PENALIZACION,
    ID_HABITACION
) VALUES (
    '2024-06-10',  -- FEC_RESERVA
    '2024-06-15',  -- FEC_LLEGADA
    '2024-06-20',  -- FEC_SALIDA
    2,             -- CANT_PASAJEROS
    500.00,        -- MONTO_TOTAL
    1,             -- ID_ESTADO_RESERVA (asumiendo que 1 es un estado válido)
    50.00,         -- PENALIZACION
    1              -- ID_HABITACION (asumiendo que 101 es una habitación válida)
);

INSERT INTO HOTEL_MPC.TBL_RESERVA (
    FEC_RESERVA,
    FEC_LLEGADA,
    FEC_SALIDA,
    CANT_PASAJEROS,
    MONTO_TOTAL,
    ID_ESTADO_RESERVA,
    PENALIZACION,
    ID_HABITACION
) VALUES (
    '2024-07-01',  -- FEC_RESERVA
    '2024-07-05',  -- FEC_LLEGADA
    '2024-07-10',  -- FEC_SALIDA
    4,             -- CANT_PASAJEROS
    800.00,        -- MONTO_TOTAL
    2,             -- ID_ESTADO_RESERVA (asumiendo que 2 es un estado válido)
    100.00,        -- PENALIZACION
    2            -- ID_HABITACION (asumiendo que 102 es una habitación válida)
);

INSERT INTO HOTEL_MPC.TBL_PASAJERO (
    NOMBRE,
    APELLIDOS,
    FEC_NACIMIENTO,
    CORREO,
    DIRECCION,
    ID_REGION,
    ID_PROVINCIA,
    ID_COMUNA
) VALUES (
    'Juan',                -- NOMBRE
    'Pérez',               -- APELLIDOS
    '1985-05-15',          -- FEC_NACIMIENTO
    'juan.perez@example.com', -- CORREO
    '123 Calle Falsa',     -- DIRECCION
    12,                     -- ID_REGION 
    121,                     -- ID_PROVINCIA
    12101                      -- ID_COMUNA 
);

INSERT INTO HOTEL_MPC.TBL_RESERVA_PASAJERO (
    ID_RESERVA,
    ID_PASAJERO,
    COSTO_PASAJERO
) VALUES (
    2,          -- ID_RESERVA (asumiendo que 1 es una reserva válida)
    2,          -- ID_PASAJERO (asumiendo que 1 es un pasajero válido)
    200.00      -- COSTO_PASAJERO
);

INSERT INTO HOTEL_MPC.TBL_USUARIO_ADMIN (
    ID_USUARIO
) VALUES (
    1  -- ID_USUARIO 
);